<?xml version="1.0" encoding="utf-8"?>
<WebWorksHelpBook version="5.0" name="GUID-331E91D6-2273-4822-B29F-AC08069CD061" context="GUID-331E91D6-2273-4822-B29F-AC08069CD061" locale="en" xmlns="urn:WebWorks-Help-Book-Files-Schema">
  <CommonWordsToSkip minlen="3">
    a about after all also am an and another any are as at
    be because been before being between both but by
    came can come copyright corp corporation could
    did do does
    each etc
    for from
    get goes got
    had has have he her here him himself his how
    if in inc into is it its
    let like
    make many me might more most much must my
    never nor not now
    of off on one only or other our out over own
    reserved rights
    said same see set shall she should since so some still such
    take than that the their them then there these they this those though through to too
    under us use
    very
    was way we well were what when where which while who why will with would
    yes yet you your
   </CommonWordsToSkip>
  <ScoringPrefs>
    <meta name="keywords" weight="100" />
    <meta name="description" weight="50" />
    <meta name="summary" weight="50" />
    <title weight="20" />
    <h1 weight="15" />
    <h2 weight="10" />
    <caption weight="10" />
    <h3 weight="7" />
    <th weight="5" />
    <h4 weight="5" />
    <h5 weight="4" />
    <h6 weight="3" />
    <h7 weight="2" />
  </ScoringPrefs>
  <DocumentInfo>
    <Document title="NetApp Manageability SDK OLH - master" href="GUID-331E91D6-2273-4822-B29F-AC08069CD061.1.01.html" />
    <Document title="Getting started with SDK" href="GUID-7D4512E9-DB3E-4DD8-9E2E-0D213B2E379A.html" />
    <Document title="What is new" href="GUID-E59A0ED5-E579-49D7-B11A-F7A87D36DCE2.html" />
    <Document title="Release History" href="GUID-489BE083-D5F6-4A0F-880E-BE8D843F1DB3.html" />
    <Document title="NetApp Manageability SDK 5.7" href="GUID-ACDCD49C-8C0A-4921-ACBF-CDCF63154BD1.html" />
    <Document title="NetApp Manageability SDK 5.6" href="GUID-23272D14-5170-40F1-B60B-C2DD9EF6FA41.html" />
    <Document title="NetApp Manageability SDK 5.5" href="GUID-86A24336-EE7D-443F-8EEC-0150A2752527.html" />
    <Document title="NetApp Manageability SDK 5.4" href="GUID-D6C81980-A64F-4CC7-954B-1822A2FD8D9E.html" />
    <Document title="NetApp Manageability SDK 5.3.1" href="GUID-4FC16E1B-258F-4DEC-9A85-63E1B8820D66.html" />
    <Document title="NetApp Manageability SDK 5.3" href="GUID-648DA1EA-3944-4830-AB48-7A03B0B4F8A3.html" />
    <Document title="NetApp Manageability SDK 5.2.2" href="GUID-4B3F269D-24B0-4516-B005-433E15E87E5E.html" />
    <Document title="NetApp Manageability SDK 5.2.1" href="GUID-3567D8C9-87A4-4463-B933-FE34C684EBA6.html" />
    <Document title="NetApp Manageability SDK 5.2" href="GUID-F882CBFA-5A9A-415F-8280-6123E94C6ABC.html" />
    <Document title="NetApp Manageability SDK 5.1" href="GUID-02019ECE-E615-4B79-93A3-13DD651DAA45.html" />
    <Document title="NetApp Manageability SDK 5.0" href="GUID-26ABBE1C-0430-4B2B-A795-115AFAB8BF17.html" />
    <Document title="NetApp Manageability SDK 4.1" href="GUID-C30D1224-D5CB-4EEA-B83A-9379B963A726.html" />
    <Document title="SDK 4.0" href="GUID-6C7DA3D4-3D4D-46FA-8CFD-9FE6AF1A7BA9.html" />
    <Document title="SDK 3.5.1" href="GUID-1BB7A071-5950-48BC-8213-65E45CF9CD56.html" />
    <Document title="SDK 3.5 and SDK 3.5P1" href="GUID-E0C57EED-AA88-45A8-B06E-2F7397808A29.html" />
    <Document title="SDK 3.0" href="GUID-0DFBD31B-A076-4B28-A119-C33EEBA6D2BF.html" />
    <Document title="SDK 2.0 and patches" href="GUID-FFC06331-9A92-4E9F-A748-4F348A0B16B1.html" />
    <Document title="SDK 1.6" href="GUID-3AF140EB-68E2-425C-8538-5E8F410B0F8C.html" />
    <Document title="SDK 1.5" href="GUID-12B9787B-80E7-42C2-8AF4-DC66AB471095.html" />
    <Document title="SDK 1.4" href="GUID-B32D45F6-9CFA-4E34-886E-63E7D8860E93.html" />
    <Document title="SDK 1.3" href="GUID-CB38B08C-614E-4E9D-88AF-48A3829D4ACF.html" />
    <Document title="NetApp Manageability SDK 1.0" href="GUID-8520259F-310E-406E-A6FA-0F8204C92CA3.html" />
    <Document title="System and Software Requirements" href="GUID-6EE70EDC-19DC-4C3C-BE23-FAFC38FCFDB8.html" />
    <Document title="Upgrading OpenSSL" href="GUID-1A96D089-A198-4130-9E03-D6B92832D737.html" />
    <Document title="Upgrading OpenSSL with FIPS" href="GUID-2D37E1DE-76AA-4AF9-8D80-A9B3CED36AAB.html" />
    <Document title="Upgrading the libxml library" href="GUID-0C5D8B11-AC28-4E84-A17B-A8324C12E685.html" />
    <Document title="Building SDK for Windows platform" href="GUID-900BF3C7-61F4-4C6A-974C-6413C3F91437.html" />
    <Document title="Library Information" href="GUID-B163A21B-3044-4AEA-918E-9DCC517422C4.html" />
    <Document title="Known Issues" href="GUID-046E1250-39E0-44C9-B799-C6B529C9B83B.html" />
    <Document title="Programming Guide" href="GUID-F5B26409-727E-4DFE-B7D6-EDB1F5255EF3.html" />
    <Document title="SDK Core APIs" href="GUID-F5C34429-E1F8-447D-8ACB-6112AE506BF6.html" />
    <Document title="C and C++ Core APIs" href="GUID-E787B38E-1497-49C0-81AF-9EBFB95F4442.html" />
    <Document title="Startup and Memory Management APIs for C and C++" href="GUID-22520FFA-E886-423D-945B-EA54548FF964.html" />
    <Document title="Session Management APIs for C and C++" href="GUID-00F8619D-84D4-4A5A-B0D4-CA14CFC8452A.html" />
    <Document title="Input Output Element Management APIs for C and C++" href="GUID-D7FBF144-CEC1-40F3-AB08-86976D824653.html" />
    <Document title="Status Request APIs for C and C++" href="GUID-894E1BA1-41E0-4912-8321-2B3889EAEE20.html" />
    <Document title="Java Core APIs" href="GUID-1A5E05FE-3086-4544-9DA2-528356F46D23.html" />
    <Document title="Browse the APIs" href="GUID-E903C961-C6FB-4A08-8F3F-F5F03B2843C9.html" />
    <Document title="Perl Core APIs" href="GUID-7EECB0FC-EED2-455E-897E-ACDBFC33C60A.html" />
    <Document title="Startup API for Perl" href="GUID-49F68518-91B1-4CF7-983C-9AA4E1B30C98.html" />
    <Document title="Session Management APIs for Perl" href="GUID-B61E3393-D5DC-4D91-A06D-669C9F4B6722.html" />
    <Document title="Input Output Management APIs for Perl" href="GUID-2F957247-FA53-4880-B993-F9FD76ACF93E.html" />
    <Document title="Status Request APIs for Perl" href="GUID-22C79EE7-C33A-4839-8B12-A2D6F5E32E02.html" />
    <Document title="Microsoft .NET Core APIs" href="GUID-1CBA8530-A34D-4A5A-8EC3-A7E8D61C1BE0.html" />
    <Document title="Browse the APIs" href="GUID-AEEFF1B6-232D-4821-B889-EB16C7654029.html" />
    <Document title="Python Core APIs" href="GUID-E35DD8FE-662C-4A39-B3BB-5B9A3E717532.html" />
    <Document title="Startup and Memory Management APIs for Python" href="GUID-C07FAFDC-B4DA-4C74-957F-268542DB4B59.html" />
    <Document title="Session Management APIs for Python" href="GUID-CD96AFEE-B0DD-4553-A589-FEDA6C2452FC.html" />
    <Document title="Input Output Management APIs for Python" href="GUID-7CC3EB20-9369-430B-8952-1D763C0B5B68.html" />
    <Document title="Status Request APIs for Python" href="GUID-897B2092-7500-4F3A-825A-283F373F2AAA.html" />
    <Document title="Ruby Core APIs" href="GUID-73AA03D3-EBF7-4E19-A3F6-063281F7C7E1.html" />
    <Document title="Startup Core APIs for Ruby" href="GUID-9B5593E1-399E-4FE9-B3C4-A9F783174F8A.html" />
    <Document title="Session Management APIs for Ruby" href="GUID-9ED371C8-20EC-4720-8118-EA4ACF4E4341.html" />
    <Document title="Input Output Management APIs for Ruby" href="GUID-FE37A9EC-40C6-409B-934B-89891A2B496D.html" />
    <Document title="Status Request APIs for Ruby" href="GUID-DCD03EEE-1531-4DCD-A4B0-DF5D5B6C3819.html" />
    <Document title="Sample Codes" href="GUID-AAF6EE7A-49A4-43C7-986E-AB492662C4AE.html" />
    <Document title="Perl API bindings" href="GUID-5CEB97EB-B327-43DE-A0C4-0F8749504659.html" />
    <Document title="Startup APIs for Perl bindings" href="GUID-17612E73-D4EA-4C75-B37A-DD61BB46DD96.html" />
    <Document title="Session Management APIs for Perl bindings" href="GUID-C8DE2E60-1536-4C68-A4EB-1BED2C78AC9F.html" />
    <Document title="How to use Perl API bindings" href="GUID-BAADC874-0A69-4784-8960-C8428668B3DD.html" />
    <Document title="Troubleshooting" href="GUID-0FEEF51F-5878-47E6-A939-517C7656EB97.html" />
    <Document title="Troubleshooting Guidelines" href="GUID-9F8255F6-0E2E-4DAD-B48F-D0C768730245.html" />
    <Document title="Frequently Asked Questions" href="GUID-C45F42F7-405E-4F08-A196-7D51809451FE.html" />
    <Document title="Sample Codes" href="GUID-3FFA260C-8831-4791-BDC3-ABE827FAB23C.html" />
    <Document title="ONTAP APIs sample codes" href="GUID-C92BF103-B3BE-437E-96B8-4272655EE2CF.html" />
    <Document title="OnCommand Unified Manager sample codes" href="GUID-8ADC3DAF-A1C8-403F-AD84-54B1F6E3B4C3.html" />
    <Document title="OnCommand Unified Manager web services sample codes" href="GUID-154DD7C4-5B02-4FBC-97BF-D3DF0289CF87.html" />
    <Document title="Utility sample codes" href="GUID-D08116A6-A089-40D0-9081-84F382DFB3EF.html" />
    <Document title="Design Guides" href="GUID-408C5437-38F4-47F8-8923-EA6219E797A9.html" />
    <Document title="Utilities of the SDK" href="GUID-9CE3079C-C76F-4CED-A0A7-6B29E9F3D64C.html" />
    <Document title="apitest" href="GUID-107F7298-6DC4-4776-9484-2556132ED798.html" />
    <Document title="Copyright information" href="GUID-A434538D-3FD7-491E-9F29-7A3F17E7CA9B.html" />
    <Document title="Trademark information" href="GUID-FFD19F77-EEF8-4346-87E0-6695EE7ED0B9.html" />
    <Document title="How to send comments about documentation and receive update notifications" href="GUID-8CF1701B-884C-4AB5-8A89-6F29DE98B43B.html" />
    <Document title="Support" href="GUID-530B6CCD-9A81-463F-9A46-D815CDF8C1E5.html" />
  </DocumentInfo>
  <TopicMap>
    <Topic name="GUID-7D4512E9-DB3E-4DD8-9E2E-0D213B2E379A" href="GUID-7D4512E9-DB3E-4DD8-9E2E-0D213B2E379A.html" />
    <Topic name="GUID-E59A0ED5-E579-49D7-B11A-F7A87D36DCE2" href="GUID-E59A0ED5-E579-49D7-B11A-F7A87D36DCE2.html" />
    <Topic name="GUID-489BE083-D5F6-4A0F-880E-BE8D843F1DB3" href="GUID-489BE083-D5F6-4A0F-880E-BE8D843F1DB3.html" />
    <Topic name="GUID-ACDCD49C-8C0A-4921-ACBF-CDCF63154BD1" href="GUID-ACDCD49C-8C0A-4921-ACBF-CDCF63154BD1.html" />
    <Topic name="GUID-23272D14-5170-40F1-B60B-C2DD9EF6FA41" href="GUID-23272D14-5170-40F1-B60B-C2DD9EF6FA41.html" />
    <Topic name="GUID-86A24336-EE7D-443F-8EEC-0150A2752527" href="GUID-86A24336-EE7D-443F-8EEC-0150A2752527.html" />
    <Topic name="GUID-D6C81980-A64F-4CC7-954B-1822A2FD8D9E" href="GUID-D6C81980-A64F-4CC7-954B-1822A2FD8D9E.html" />
    <Topic name="GUID-4FC16E1B-258F-4DEC-9A85-63E1B8820D66" href="GUID-4FC16E1B-258F-4DEC-9A85-63E1B8820D66.html" />
    <Topic name="GUID-648DA1EA-3944-4830-AB48-7A03B0B4F8A3" href="GUID-648DA1EA-3944-4830-AB48-7A03B0B4F8A3.html" />
    <Topic name="GUID-4B3F269D-24B0-4516-B005-433E15E87E5E" href="GUID-4B3F269D-24B0-4516-B005-433E15E87E5E.html" />
    <Topic name="GUID-3567D8C9-87A4-4463-B933-FE34C684EBA6" href="GUID-3567D8C9-87A4-4463-B933-FE34C684EBA6.html" />
    <Topic name="GUID-F882CBFA-5A9A-415F-8280-6123E94C6ABC" href="GUID-F882CBFA-5A9A-415F-8280-6123E94C6ABC.html" />
    <Topic name="GUID-02019ECE-E615-4B79-93A3-13DD651DAA45" href="GUID-02019ECE-E615-4B79-93A3-13DD651DAA45.html" />
    <Topic name="GUID-26ABBE1C-0430-4B2B-A795-115AFAB8BF17" href="GUID-26ABBE1C-0430-4B2B-A795-115AFAB8BF17.html" />
    <Topic name="GUID-C30D1224-D5CB-4EEA-B83A-9379B963A726" href="GUID-C30D1224-D5CB-4EEA-B83A-9379B963A726.html" />
    <Topic name="GUID-6C7DA3D4-3D4D-46FA-8CFD-9FE6AF1A7BA9" href="GUID-6C7DA3D4-3D4D-46FA-8CFD-9FE6AF1A7BA9.html" />
    <Topic name="GUID-1BB7A071-5950-48BC-8213-65E45CF9CD56" href="GUID-1BB7A071-5950-48BC-8213-65E45CF9CD56.html" />
    <Topic name="GUID-E0C57EED-AA88-45A8-B06E-2F7397808A29" href="GUID-E0C57EED-AA88-45A8-B06E-2F7397808A29.html" />
    <Topic name="GUID-0DFBD31B-A076-4B28-A119-C33EEBA6D2BF" href="GUID-0DFBD31B-A076-4B28-A119-C33EEBA6D2BF.html" />
    <Topic name="GUID-FFC06331-9A92-4E9F-A748-4F348A0B16B1" href="GUID-FFC06331-9A92-4E9F-A748-4F348A0B16B1.html" />
    <Topic name="GUID-3AF140EB-68E2-425C-8538-5E8F410B0F8C" href="GUID-3AF140EB-68E2-425C-8538-5E8F410B0F8C.html" />
    <Topic name="GUID-12B9787B-80E7-42C2-8AF4-DC66AB471095" href="GUID-12B9787B-80E7-42C2-8AF4-DC66AB471095.html" />
    <Topic name="GUID-B32D45F6-9CFA-4E34-886E-63E7D8860E93" href="GUID-B32D45F6-9CFA-4E34-886E-63E7D8860E93.html" />
    <Topic name="GUID-CB38B08C-614E-4E9D-88AF-48A3829D4ACF" href="GUID-CB38B08C-614E-4E9D-88AF-48A3829D4ACF.html" />
    <Topic name="GUID-8520259F-310E-406E-A6FA-0F8204C92CA3" href="GUID-8520259F-310E-406E-A6FA-0F8204C92CA3.html" />
    <Topic name="GUID-6EE70EDC-19DC-4C3C-BE23-FAFC38FCFDB8" href="GUID-6EE70EDC-19DC-4C3C-BE23-FAFC38FCFDB8.html" />
    <Topic name="GUID-1A96D089-A198-4130-9E03-D6B92832D737" href="GUID-1A96D089-A198-4130-9E03-D6B92832D737.html" />
    <Topic name="GUID-2D37E1DE-76AA-4AF9-8D80-A9B3CED36AAB" href="GUID-2D37E1DE-76AA-4AF9-8D80-A9B3CED36AAB.html" />
    <Topic name="GUID-0C5D8B11-AC28-4E84-A17B-A8324C12E685" href="GUID-0C5D8B11-AC28-4E84-A17B-A8324C12E685.html" />
    <Topic name="GUID-900BF3C7-61F4-4C6A-974C-6413C3F91437" href="GUID-900BF3C7-61F4-4C6A-974C-6413C3F91437.html" />
    <Topic name="GUID-B163A21B-3044-4AEA-918E-9DCC517422C4" href="GUID-B163A21B-3044-4AEA-918E-9DCC517422C4.html" />
    <Topic name="GUID-046E1250-39E0-44C9-B799-C6B529C9B83B" href="GUID-046E1250-39E0-44C9-B799-C6B529C9B83B.html" />
    <Topic name="GUID-F5B26409-727E-4DFE-B7D6-EDB1F5255EF3" href="GUID-F5B26409-727E-4DFE-B7D6-EDB1F5255EF3.html" />
    <Topic name="GUID-F5C34429-E1F8-447D-8ACB-6112AE506BF6" href="GUID-F5C34429-E1F8-447D-8ACB-6112AE506BF6.html" />
    <Topic name="GUID-E787B38E-1497-49C0-81AF-9EBFB95F4442" href="GUID-E787B38E-1497-49C0-81AF-9EBFB95F4442.html" />
    <Topic name="GUID-22520FFA-E886-423D-945B-EA54548FF964" href="GUID-22520FFA-E886-423D-945B-EA54548FF964.html" />
    <Topic name="GUID-00F8619D-84D4-4A5A-B0D4-CA14CFC8452A" href="GUID-00F8619D-84D4-4A5A-B0D4-CA14CFC8452A.html" />
    <Topic name="GUID-D7FBF144-CEC1-40F3-AB08-86976D824653" href="GUID-D7FBF144-CEC1-40F3-AB08-86976D824653.html" />
    <Topic name="GUID-894E1BA1-41E0-4912-8321-2B3889EAEE20" href="GUID-894E1BA1-41E0-4912-8321-2B3889EAEE20.html" />
    <Topic name="GUID-1A5E05FE-3086-4544-9DA2-528356F46D23" href="GUID-1A5E05FE-3086-4544-9DA2-528356F46D23.html" />
    <Topic name="GUID-E903C961-C6FB-4A08-8F3F-F5F03B2843C9" href="GUID-E903C961-C6FB-4A08-8F3F-F5F03B2843C9.html" />
    <Topic name="GUID-7EECB0FC-EED2-455E-897E-ACDBFC33C60A" href="GUID-7EECB0FC-EED2-455E-897E-ACDBFC33C60A.html" />
    <Topic name="GUID-49F68518-91B1-4CF7-983C-9AA4E1B30C98" href="GUID-49F68518-91B1-4CF7-983C-9AA4E1B30C98.html" />
    <Topic name="GUID-B61E3393-D5DC-4D91-A06D-669C9F4B6722" href="GUID-B61E3393-D5DC-4D91-A06D-669C9F4B6722.html" />
    <Topic name="GUID-2F957247-FA53-4880-B993-F9FD76ACF93E" href="GUID-2F957247-FA53-4880-B993-F9FD76ACF93E.html" />
    <Topic name="GUID-22C79EE7-C33A-4839-8B12-A2D6F5E32E02" href="GUID-22C79EE7-C33A-4839-8B12-A2D6F5E32E02.html" />
    <Topic name="GUID-1CBA8530-A34D-4A5A-8EC3-A7E8D61C1BE0" href="GUID-1CBA8530-A34D-4A5A-8EC3-A7E8D61C1BE0.html" />
    <Topic name="GUID-AEEFF1B6-232D-4821-B889-EB16C7654029" href="GUID-AEEFF1B6-232D-4821-B889-EB16C7654029.html" />
    <Topic name="GUID-E35DD8FE-662C-4A39-B3BB-5B9A3E717532" href="GUID-E35DD8FE-662C-4A39-B3BB-5B9A3E717532.html" />
    <Topic name="GUID-C07FAFDC-B4DA-4C74-957F-268542DB4B59" href="GUID-C07FAFDC-B4DA-4C74-957F-268542DB4B59.html" />
    <Topic name="GUID-CD96AFEE-B0DD-4553-A589-FEDA6C2452FC" href="GUID-CD96AFEE-B0DD-4553-A589-FEDA6C2452FC.html" />
    <Topic name="GUID-7CC3EB20-9369-430B-8952-1D763C0B5B68" href="GUID-7CC3EB20-9369-430B-8952-1D763C0B5B68.html" />
    <Topic name="GUID-897B2092-7500-4F3A-825A-283F373F2AAA" href="GUID-897B2092-7500-4F3A-825A-283F373F2AAA.html" />
    <Topic name="GUID-73AA03D3-EBF7-4E19-A3F6-063281F7C7E1" href="GUID-73AA03D3-EBF7-4E19-A3F6-063281F7C7E1.html" />
    <Topic name="GUID-9B5593E1-399E-4FE9-B3C4-A9F783174F8A" href="GUID-9B5593E1-399E-4FE9-B3C4-A9F783174F8A.html" />
    <Topic name="GUID-9ED371C8-20EC-4720-8118-EA4ACF4E4341" href="GUID-9ED371C8-20EC-4720-8118-EA4ACF4E4341.html" />
    <Topic name="GUID-FE37A9EC-40C6-409B-934B-89891A2B496D" href="GUID-FE37A9EC-40C6-409B-934B-89891A2B496D.html" />
    <Topic name="GUID-DCD03EEE-1531-4DCD-A4B0-DF5D5B6C3819" href="GUID-DCD03EEE-1531-4DCD-A4B0-DF5D5B6C3819.html" />
    <Topic name="GUID-AAF6EE7A-49A4-43C7-986E-AB492662C4AE" href="GUID-AAF6EE7A-49A4-43C7-986E-AB492662C4AE.html" />
    <Topic name="GUID-5CEB97EB-B327-43DE-A0C4-0F8749504659" href="GUID-5CEB97EB-B327-43DE-A0C4-0F8749504659.html" />
    <Topic name="GUID-17612E73-D4EA-4C75-B37A-DD61BB46DD96" href="GUID-17612E73-D4EA-4C75-B37A-DD61BB46DD96.html" />
    <Topic name="GUID-C8DE2E60-1536-4C68-A4EB-1BED2C78AC9F" href="GUID-C8DE2E60-1536-4C68-A4EB-1BED2C78AC9F.html" />
    <Topic name="GUID-BAADC874-0A69-4784-8960-C8428668B3DD" href="GUID-BAADC874-0A69-4784-8960-C8428668B3DD.html" />
    <Topic name="GUID-0FEEF51F-5878-47E6-A939-517C7656EB97" href="GUID-0FEEF51F-5878-47E6-A939-517C7656EB97.html" />
    <Topic name="GUID-9F8255F6-0E2E-4DAD-B48F-D0C768730245" href="GUID-9F8255F6-0E2E-4DAD-B48F-D0C768730245.html" />
    <Topic name="GUID-C45F42F7-405E-4F08-A196-7D51809451FE" href="GUID-C45F42F7-405E-4F08-A196-7D51809451FE.html" />
    <Topic name="GUID-3FFA260C-8831-4791-BDC3-ABE827FAB23C" href="GUID-3FFA260C-8831-4791-BDC3-ABE827FAB23C.html" />
    <Topic name="GUID-C92BF103-B3BE-437E-96B8-4272655EE2CF" href="GUID-C92BF103-B3BE-437E-96B8-4272655EE2CF.html" />
    <Topic name="GUID-8ADC3DAF-A1C8-403F-AD84-54B1F6E3B4C3" href="GUID-8ADC3DAF-A1C8-403F-AD84-54B1F6E3B4C3.html" />
    <Topic name="GUID-154DD7C4-5B02-4FBC-97BF-D3DF0289CF87" href="GUID-154DD7C4-5B02-4FBC-97BF-D3DF0289CF87.html" />
    <Topic name="GUID-D08116A6-A089-40D0-9081-84F382DFB3EF" href="GUID-D08116A6-A089-40D0-9081-84F382DFB3EF.html" />
    <Topic name="GUID-408C5437-38F4-47F8-8923-EA6219E797A9" href="GUID-408C5437-38F4-47F8-8923-EA6219E797A9.html" />
    <Topic name="GUID-9CE3079C-C76F-4CED-A0A7-6B29E9F3D64C" href="GUID-9CE3079C-C76F-4CED-A0A7-6B29E9F3D64C.html" />
    <Topic name="GUID-107F7298-6DC4-4776-9484-2556132ED798" href="GUID-107F7298-6DC4-4776-9484-2556132ED798.html" />
    <Topic name="GUID-A434538D-3FD7-491E-9F29-7A3F17E7CA9B" href="GUID-A434538D-3FD7-491E-9F29-7A3F17E7CA9B.html" />
    <Topic name="GUID-FFD19F77-EEF8-4346-87E0-6695EE7ED0B9" href="GUID-FFD19F77-EEF8-4346-87E0-6695EE7ED0B9.html" />
    <Topic name="GUID-8CF1701B-884C-4AB5-8A89-6F29DE98B43B" href="GUID-8CF1701B-884C-4AB5-8A89-6F29DE98B43B.html" />
    <Topic name="GUID-530B6CCD-9A81-463F-9A46-D815CDF8C1E5" href="GUID-530B6CCD-9A81-463F-9A46-D815CDF8C1E5.html" />
  </TopicMap>
</WebWorksHelpBook>