<?xml version="1.0" encoding="utf-8"?>
<WebWorksHelpTOC version="5.0" xmlns="urn:WebWorks-Help-TOC-Schema">
  <i t="NetApp Manageability SDK OLH - master" l="0">
    <i t="Getting started with SDK" l="1">
      <i t="What is new" l="2" />
      <i t="Release History" l="3">
        <i t="NetApp Manageability SDK 5.7" l="4" />
        <i t="NetApp Manageability SDK 5.6" l="5" />
        <i t="NetApp Manageability SDK 5.5" l="6" />
        <i t="NetApp Manageability SDK 5.4" l="7" />
        <i t="NetApp Manageability SDK 5.3.1" l="8" />
        <i t="NetApp Manageability SDK 5.3" l="9" />
        <i t="NetApp Manageability SDK 5.2.2" l="10" />
        <i t="NetApp Manageability SDK 5.2.1" l="11" />
        <i t="NetApp Manageability SDK 5.2" l="12" />
        <i t="NetApp Manageability SDK 5.1" l="13" />
        <i t="NetApp Manageability SDK 5.0" l="14" />
        <i t="NetApp Manageability SDK 4.1" l="15" />
        <i t="SDK 4.0" l="16" />
        <i t="SDK 3.5.1" l="17" />
        <i t="SDK 3.5 and SDK 3.5P1" l="18" />
        <i t="SDK 3.0" l="19" />
        <i t="SDK 2.0 and patches" l="20" />
        <i t="SDK 1.6" l="21" />
        <i t="SDK 1.5" l="22" />
        <i t="SDK 1.4" l="23" />
        <i t="SDK 1.3" l="24" />
        <i t="NetApp Manageability SDK 1.0" l="25" />
      </i>
      <i t="System and Software Requirements" l="26" />
      <i t="Upgrading OpenSSL" l="27" />
      <i t="Upgrading OpenSSL with FIPS" l="28" />
      <i t="Upgrading the libxml library" l="29" />
      <i t="Building SDK for Windows platform" l="30" />
      <i t="Library Information" l="31" />
      <i t="Known Issues" l="32" />
    </i>
    <i t="Programming Guide" l="33">
      <i t="SDK Core APIs" l="34">
        <i t="C and C++ Core APIs" l="35">
          <i t="Startup and Memory Management APIs for C and C++" l="36" />
          <i t="Session Management APIs for C and C++" l="37" />
          <i t="Input Output Element Management APIs for C and C++" l="38" />
          <i t="Status Request APIs for C and C++" l="39" />
        </i>
        <i t="Java Core APIs" l="40">
          <i t="Browse the APIs" l="41" />
        </i>
        <i t="Perl Core APIs" l="42">
          <i t="Startup API for Perl" l="43" />
          <i t="Session Management APIs for Perl" l="44" />
          <i t="Input Output Management APIs for Perl" l="45" />
          <i t="Status Request APIs for Perl" l="46" />
        </i>
        <i t="Microsoft .NET Core APIs" l="47">
          <i t="Browse the APIs" l="48" />
        </i>
        <i t="Python Core APIs" l="49">
          <i t="Startup and Memory Management APIs for Python" l="50" />
          <i t="Session Management APIs for Python" l="51" />
          <i t="Input Output Management APIs for Python" l="52" />
          <i t="Status Request APIs for Python" l="53" />
        </i>
        <i t="Ruby Core APIs" l="54">
          <i t="Startup Core APIs for Ruby" l="55" />
          <i t="Session Management APIs for Ruby" l="56" />
          <i t="Input Output Management APIs for Ruby" l="57" />
          <i t="Status Request APIs for Ruby" l="58" />
        </i>
        <i t="Sample Codes" l="59" />
      </i>
      <i t="Perl API bindings" l="60">
        <i t="Startup APIs for Perl bindings" l="61" />
        <i t="Session Management APIs for Perl bindings" l="62" />
        <i t="How to use Perl API bindings" l="63" />
      </i>
    </i>
    <i t="Troubleshooting" l="64">
      <i t="Troubleshooting Guidelines" l="65" />
      <i t="Frequently Asked Questions" l="66" />
    </i>
    <i t="Sample Codes" l="67">
      <i t="ONTAP APIs sample codes" l="68" />
      <i t="OnCommand Unified Manager sample codes" l="69" />
      <i t="OnCommand Unified Manager web services sample codes" l="70" />
      <i t="Utility sample codes" l="71" />
    </i>
    <i t="Design Guides" l="72" />
    <i t="Utilities of the SDK" l="73">
      <i t="apitest" l="74" />
    </i>
    <i t="Copyright information" l="75" />
    <i t="Trademark information" l="76" />
    <i t="How to send comments about documentation and receive update notifications" l="77" />
    <i t="Support" l="78" />
  </i>
</WebWorksHelpTOC>